Date,Region,Category,CustomerSegment,UnitsSold,Revenue,MarketingSpend,DiscountPct,Profit,ProfitMargin
2024-01-01,North,Electronics,Consumer,637,45197.37,4123.79,11.31,6284.67,13.9
2024-01-01,North,Clothing,Small Business,785,28437.18,2861.7,19.9,8057.24,28.33
2024-01-01,North,Home & Garden,Consumer,476,21914.81,1155.52,14.71,5108.79,23.31
2024-01-01,North,Sports,Consumer,300,15778.45,952.8,6.94,3607.27,22.86
2024-01-01,North,Books,Corporate,158,10407.2,561.75,10.87,3133.14,30.11
2024-01-01,South,Electronics,Consumer,476,36228.66,1881.6,9.0,5226.3,14.43
2024-01-01,South,Clothing,Consumer,267,23914.15,1014.13,6.71,7761.15,32.45
2024-01-01,South,Home & Garden,Corporate,182,16972.87,1296.81,5.36,4410.04,25.98
2024-01-01,South,Sports,Consumer,349,16299.2,752.93,12.86,3226.59,19.8
2024-01-01,South,Books,Consumer,145,7509.64,443.03,9.7,2648.07,35.26
2024-01-01,East,Electronics,Consumer,432,40719.03,1841.26,10.07,5271.83,12.95
2024-01-01,East,Clothing,Consumer,341,27754.8,2694.5,17.15,8228.56,29.65
2024-01-01,East,Home & Garden,Consumer,268,19394.21,1947.51,10.45,4349.4,22.43
2024-01-01,East,Sports,Consumer,190,16757.36,1051.74,16.06,3896.07,23.25
2024-01-01,East,Books,Consumer,127,8751.06,816.08,8.77,2823.11,32.26
2024-01-01,West,Electronics,Consumer,711,38278.33,2676.72,12.44,5118.73,13.37
2024-01-01,West,Clothing,Small Business,277,22281.43,1531.33,13.79,5668.14,25.44
2024-01-01,West,Home & Garden,Consumer,206,17104.7,1651.77,16.58,3936.33,23.01
2024-01-01,West,Sports,Consumer,166,14693.23,1418.2,16.84,2474.47,16.84
2024-01-01,West,Books,Consumer,200,7098.91,496.2,13.48,2253.12,31.74
2024-02-01,North,Electronics,Consumer,698,38547.91,1865.36,9.9,5607.61,14.55
2024-02-01,North,Clothing,Consumer,323,29916.75,2668.91,13.29,8313.97,27.79
2024-02-01,North,Home & Garden,Consumer,518,19274.77,1155.31,11.87,4552.79,23.62
2024-02-01,North,Sports,Consumer,510,22301.22,1327.04,11.04,4815.54,21.59
2024-02-01,North,Books,Corporate,129,10166.63,575.78,15.76,3505.5,34.48
2024-02-01,South,Electronics,Corporate,851,31882.76,2471.05,7.05,4523.18,14.19
2024-02-01,South,Clothing,Small Business,461,20970.17,1785.86,12.34,5355.55,25.54
2024-02-01,South,Home & Garden,Small Business,234,21142.34,1049.22,8.08,4991.43,23.61
2024-02-01,South,Sports,Consumer,240,16391.6,1593.35,5.85,2856.05,17.42
2024-02-01,South,Books,Consumer,141,7808.66,802.77,13.3,2604.63,33.36
2024-02-01,East,Electronics,Consumer,506,41347.27,4221.39,13.48,4926.3,11.91
2024-02-01,East,Clothing,Consumer,763,26951.63,2773.29,13.47,6958.19,25.82
2024-02-01,East,Home & Garden,Consumer,493,23893.16,2046.15,14.37,4722.53,19.77
2024-02-01,East,Sports,Corporate,243,18081.06,1668.06,16.82,3651.16,20.19
2024-02-01,East,Books,Small Business,168,8338.04,488.31,8.23,2693.13,32.3
2024-02-01,West,Electronics,Consumer,502,34948.48,2941.95,12.07,6549.73,18.74
2024-02-01,West,Clothing,Small Business,653,23815.21,1420.67,7.71,6304.61,26.47
2024-02-01,West,Home & Garden,Small Business,515,18507.81,1976.17,10.88,4789.3,25.88
2024-02-01,West,Sports,Small Business,176,15131.98,1625.98,11.64,2719.05,17.97
2024-02-01,West,Books,Corporate,70,6406.54,398.39,13.07,1751.65,27.34
2024-03-01,North,Electronics,Small Business,475,44884.77,3727.7,12.77,6438.29,14.34
2024-03-01,North,Clothing,Consumer,517,29255.71,2687.25,17.42,8758.23,29.94
2024-03-01,North,Home & Garden,Corporate,293,26342.43,2652.55,14.57,6368.14,24.17
2024-03-01,North,Sports,Consumer,306,27080.12,2315.28,16.77,5666.02,20.92
2024-03-01,North,Books,Consumer,261,9710.1,781.47,10.82,3757.73,38.7
2024-03-01,South,Electronics,Consumer,796,33939.69,2761.28,9.64,6236.33,18.37
2024-03-01,South,Clothing,Consumer,625,25077.83,2096.57,15.4,6900.75,27.52
2024-03-01,South,Home & Garden,Consumer,240,19810.52,1676.37,1.87,5348.26,27.0
2024-03-01,South,Sports,Consumer,173,16015.83,669.05,11.43,3537.43,22.09
2024-03-01,South,Books,Corporate,135,9142.18,476.59,9.63,2756.59,30.15
2024-03-01,East,Electronics,Consumer,500,39651.6,4236.4,16.59,7688.32,19.39
2024-03-01,East,Clothing,Consumer,887,31828.36,1825.08,18.33,7758.68,24.38
2024-03-01,East,Home & Garden,Consumer,585,23920.18,1750.77,15.87,2993.43,12.51
2024-03-01,East,Sports,Consumer,237,17351.13,1220.99,20.16,2370.33,13.66
2024-03-01,East,Books,Consumer,122,10539.6,792.78,4.82,3226.1,30.61
2024-03-01,West,Electronics,Corporate,429,39197.4,3330.58,12.35,5150.29,13.14
2024-03-01,West,Clothing,Small Business,419,28397.41,2046.82,5.81,8462.82,29.8
2024-03-01,West,Home & Garden,Consumer,528,20731.89,2143.15,13.4,4376.59,21.11
2024-03-01,West,Sports,Corporate,201,15436.18,745.13,16.25,3368.85,21.82
2024-03-01,West,Books,Corporate,104,8299.13,798.74,7.86,2569.66,30.96
2024-04-01,North,Electronics,Small Business,591,48219.24,3184.46,12.59,7650.13,15.87
2024-04-01,North,Clothing,Small Business,769,31679.15,2218.48,16.13,9377.79,29.6
2024-04-01,North,Home & Garden,Small Business,315,27942.29,1743.7,12.11,6801.43,24.34
2024-04-01,North,Sports,Consumer,389,20484.48,1641.64,7.91,5716.09,27.9
2024-04-01,North,Books,Consumer,137,11308.92,1078.99,15.96,3412.55,30.18
2024-04-01,South,Electronics,Consumer,661,37035.96,2906.1,16.88,4628.07,12.5
2024-04-01,South,Clothing,Consumer,669,27478.72,2288.3,9.18,8238.25,29.98
2024-04-01,South,Home & Garden,Small Business,500,20052.39,1955.71,9.64,4973.54,24.8
2024-04-01,South,Sports,Corporate,165,15119.02,1464.97,4.96,3077.61,20.36
2024-04-01,South,Books,Consumer,202,8404.0,664.66,16.29,2490.42,29.63
2024-04-01,East,Electronics,Corporate,1045,44034.69,1934.94,10.56,6957.98,15.8
2024-04-01,East,Clothing,Small Business,527,27454.35,2219.29,11.46,8172.69,29.77
2024-04-01,East,Home & Garden,Corporate,345,23514.12,1062.03,12.06,5515.15,23.45
2024-04-01,East,Sports,Small Business,281,19652.97,1743.27,22.77,2922.04,14.87
2024-04-01,East,Books,Corporate,240,11105.49,659.85,7.96,2914.17,26.24
2024-04-01,West,Electronics,Corporate,676,36210.12,1645.44,13.71,7066.72,19.52
2024-04-01,West,Clothing,Small Business,277,23388.8,2426.94,14.46,5543.48,23.7
2024-04-01,West,Home & Garden,Consumer,241,22701.03,2284.28,17.9,4590.9,20.22
2024-04-01,West,Sports,Consumer,163,13979.78,1508.33,18.77,2519.93,18.03
2024-04-01,West,Books,Small Business,110,8902.1,526.46,12.03,2807.11,31.53
2024-05-01,North,Electronics,Consumer,1089,46560.95,3330.88,15.11,6437.8,13.83
2024-05-01,North,Clothing,Corporate,802,33525.19,2917.33,4.33,11577.66,34.53
2024-05-01,North,Home & Garden,Small Business,330,28439.53,2173.11,12.58,8363.71,29.41
2024-05-01,North,Sports,Consumer,306,23606.84,1611.02,15.23,5556.54,23.54
2024-05-01,North,Books,Consumer,183,11226.38,757.3,3.21,3730.51,33.23
2024-05-01,South,Electronics,Small Business,486,42190.39,4002.0,20.14,3297.93,7.82
2024-05-01,South,Clothing,Corporate,245,22975.2,1657.42,11.72,5119.1,22.28
2024-05-01,South,Home & Garden,Consumer,452,20750.99,1178.87,13.83,4156.52,20.03
2024-05-01,South,Sports,Consumer,375,17014.25,1475.63,16.78,2956.48,17.38
2024-05-01,South,Books,Consumer,169,8007.67,370.03,11.46,2278.57,28.45
2024-05-01,East,Electronics,Small Business,615,51031.55,2181.69,12.18,6250.31,12.25
2024-05-01,East,Clothing,Corporate,359,29903.28,3123.73,11.44,8344.68,27.91
2024-05-01,East,Home & Garden,Consumer,345,22119.63,1458.41,9.12,4361.58,19.72
2024-05-01,East,Sports,Consumer,319,20966.71,1935.71,14.88,4291.66,20.47
2024-05-01,East,Books,Consumer,189,9353.29,722.85,7.22,2858.77,30.56
2024-05-01,West,Electronics,Small Business,794,33499.1,2095.22,8.77,4061.84,12.13
2024-05-01,West,Clothing,Corporate,441,28601.28,2724.04,16.41,7810.91,27.31
2024-05-01,West,Home & Garden,Consumer,354,18435.73,1699.42,6.81,4495.52,24.38
2024-05-01,West,Sports,Consumer,185,17400.33,1129.75,21.55,2321.23,13.34
2024-05-01,West,Books,Consumer,183,8464.8,429.17,8.75,2616.86,30.91
2024-06-01,North,Electronics,Small Business,516,48487.49,3332.44,7.85,7238.98,14.93
2024-06-01,North,Clothing,Corporate,660,29862.12,3003.7,9.12,9415.92,31.53
2024-06-01,North,Home & Garden,Consumer,492,25501.05,2040.41,15.76,5172.9,20.29
2024-06-01,North,Sports,Corporate,517,21644.91,1510.39,3.86,4975.21,22.99
2024-06-01,North,Books,Consumer,170,10878.75,552.7,3.69,3474.32,31.94
2024-06-01,South,Electronics,Corporate,797,40051.3,1978.9,17.03,4469.68,11.16
2024-06-01,South,Clothing,Corporate,464,27727.42,2024.39,19.21,7755.05,27.97
2024-06-01,South,Home & Garden,Consumer,225,20560.51,2211.32,13.86,4324.15,21.03
2024-06-01,South,Sports,Consumer,201,17218.45,1381.15,11.22,3727.16,21.65
2024-06-01,South,Books,Consumer,110,8268.28,425.45,13.97,2442.89,29.55
2024-06-01,East,Electronics,Consumer,562,47173.33,3182.84,10.37,4139.3,8.77
2024-06-01,East,Clothing,Small Business,552,27028.98,1651.37,12.09,9028.13,33.4
2024-06-01,East,Home & Garden,Consumer,340,24632.74,2548.33,0.94,5488.41,22.28
2024-06-01,East,Sports,Corporate,233,20629.36,1971.79,15.16,5417.87,26.26
2024-06-01,East,Books,Corporate,114,9102.72,522.44,7.75,2993.84,32.89
2024-06-01,West,Electronics,Corporate,873,36355.56,3685.49,17.19,4113.14,11.31
2024-06-01,West,Clothing,Corporate,560,24655.93,2362.3,7.11,7924.2,32.14
2024-06-01,West,Home & Garden,Consumer,366,18339.29,1556.65,14.07,5210.24,28.41
2024-06-01,West,Sports,Consumer,151,13894.78,1005.15,19.48,2639.43,19.0
2024-06-01,West,Books,Small Business,96,7370.68,610.31,12.55,2462.78,33.41
2024-07-01,North,Electronics,Small Business,539,38458.77,3089.78,14.36,7104.24,18.47
2024-07-01,North,Clothing,Corporate,279,26250.64,2750.8,7.05,7745.79,29.51
2024-07-01,North,Home & Garden,Corporate,366,21600.87,1758.08,17.47,4597.68,21.28
2024-07-01,North,Sports,Small Business,253,16994.12,685.28,6.94,2881.11,16.95
2024-07-01,North,Books,Consumer,127,7889.63,722.89,5.52,2569.17,32.56
2024-07-01,South,Electronics,Consumer,332,29836.67,1561.86,0.0,5322.0,17.84
2024-07-01,South,Clothing,Consumer,347,25954.39,1061.97,17.63,6723.09,25.9
2024-07-01,South,Home & Garden,Corporate,415,16192.41,1777.62,24.87,3192.76,19.72
2024-07-01,South,Sports,Corporate,318,14765.33,802.64,11.28,3029.59,20.52
2024-07-01,South,Books,Consumer,105,6951.55,310.04,10.73,2523.03,36.29
2024-07-01,East,Electronics,Corporate,898,41221.76,2096.82,1.63,5477.36,13.29
2024-07-01,East,Clothing,Consumer,640,23434.99,1607.91,16.68,7220.59,30.81
2024-07-01,East,Home & Garden,Corporate,504,20768.6,859.4,6.35,4884.78,23.52
2024-07-01,East,Sports,Small Business,213,16693.94,946.09,10.8,3278.03,19.64
2024-07-01,East,Books,Consumer,165,7800.54,676.82,17.8,2452.51,31.44
2024-07-01,West,Electronics,Small Business,520,31334.34,1440.93,13.63,3182.77,10.16
2024-07-01,West,Clothing,Corporate,355,20524.26,1193.68,17.25,4547.48,22.16
2024-07-01,West,Home & Garden,Small Business,335,17645.93,1211.55,1.59,5578.28,31.61
2024-07-01,West,Sports,Consumer,205,13169.72,1327.41,14.0,2652.91,20.14
2024-07-01,West,Books,Consumer,95,6967.79,289.67,13.54,1798.23,25.81
2024-08-01,North,Electronics,Consumer,625,41616.19,4532.34,11.08,5433.7,13.06
2024-08-01,North,Clothing,Corporate,499,25665.82,2669.27,12.98,6460.37,25.17
2024-08-01,North,Home & Garden,Corporate,653,23275.56,1267.34,14.36,5460.26,23.46
2024-08-01,North,Sports,Consumer,287,18978.24,1642.62,2.8,3667.08,19.32
2024-08-01,North,Books,Consumer,129,9161.83,419.57,8.37,2808.47,30.65
2024-08-01,South,Electronics,Consumer,436,30098.45,1953.3,7.12,5726.15,19.02
2024-08-01,South,Clothing,Consumer,491,23502.31,2145.29,12.92,6203.63,26.4
2024-08-01,South,Home & Garden,Consumer,433,17938.4,1466.98,17.75,3509.93,19.57
2024-08-01,South,Sports,Corporate,237,14494.32,1278.23,20.85,2879.59,19.87
2024-08-01,South,Books,Consumer,122,6940.48,615.13,15.11,1787.63,25.76
2024-08-01,East,Electronics,Corporate,552,37261.79,1973.36,15.1,5443.79,14.61
2024-08-01,East,Clothing,Consumer,524,26210.68,2257.13,16.17,7477.03,28.53
2024-08-01,East,Home & Garden,Small Business,294,20309.84,1069.12,13.04,4030.55,19.85
2024-08-01,East,Sports,Corporate,201,17418.51,1880.75,11.8,3919.83,22.5
2024-08-01,East,Books,Consumer,122,8635.44,367.79,9.42,2665.81,30.87
2024-08-01,West,Electronics,Consumer,805,31335.3,2780.7,18.28,3081.06,9.83
2024-08-01,West,Clothing,Consumer,329,23899.54,1489.24,12.98,6908.48,28.91
2024-08-01,West,Home & Garden,Corporate,197,18027.8,751.9,12.41,4772.5,26.47
2024-08-01,West,Sports,Consumer,182,13200.16,971.42,19.05,2237.36,16.95
2024-08-01,West,Books,Consumer,137,7685.52,704.23,9.9,2396.73,31.19
2024-09-01,North,Electronics,Consumer,1231,44420.0,1907.68,8.16,6861.84,15.45
2024-09-01,North,Clothing,Consumer,358,32803.34,2872.76,16.92,8621.23,26.28
2024-09-01,North,Home & Garden,Corporate,471,23027.61,2518.8,13.91,5371.36,23.33
2024-09-01,North,Sports,Consumer,446,21515.5,1632.77,8.81,4252.24,19.76
2024-09-01,North,Books,Corporate,105,9822.24,432.66,17.95,3327.58,33.88
2024-09-01,South,Electronics,Consumer,786,38078.18,1933.33,9.24,6521.7,17.13
2024-09-01,South,Clothing,Small Business,341,29893.09,1387.16,20.98,7134.83,23.87
2024-09-01,South,Home & Garden,Corporate,273,20251.76,2164.82,13.43,4855.27,23.97
2024-09-01,South,Sports,Consumer,333,16857.94,1114.11,8.01,3624.13,21.5
2024-09-01,South,Books,Consumer,114,9777.48,541.8,9.41,3211.68,32.85
2024-09-01,East,Electronics,Consumer,949,53015.02,5181.03,9.35,9140.84,17.24
2024-09-01,East,Clothing,Small Business,392,33743.46,3425.1,14.95,10406.53,30.84
2024-09-01,East,Home & Garden,Consumer,325,24616.25,2186.49,14.54,6593.6,26.79
2024-09-01,East,Sports,Corporate,361,19880.85,2021.11,11.16,4193.03,21.09
2024-09-01,East,Books,Corporate,149,9728.72,955.84,10.03,3167.99,32.56
2024-09-01,West,Electronics,Consumer,464,37940.42,2207.61,15.23,7558.32,19.92
2024-09-01,West,Clothing,Consumer,463,25702.76,2760.72,19.89,7160.15,27.86
2024-09-01,West,Home & Garden,Corporate,379,20095.59,2122.21,9.77,4953.95,24.65
2024-09-01,West,Sports,Corporate,227,16372.33,1051.3,8.5,3237.37,19.77
2024-09-01,West,Books,Consumer,110,8344.43,348.14,19.83,2407.74,28.85
2024-10-01,North,Electronics,Consumer,516,42704.87,2197.32,1.01,6249.65,14.63
2024-10-01,North,Clothing,Consumer,370,34024.73,2981.76,5.6,11207.01,32.94
2024-10-01,North,Home & Garden,Small Business,363,26616.01,1846.64,11.5,5049.64,18.97
2024-10-01,North,Sports,Consumer,409,19554.2,1342.46,10.79,4266.34,21.82
2024-10-01,North,Books,Corporate,147,9313.73,936.08,19.22,2818.57,30.26
2024-10-01,South,Electronics,Consumer,965,41357.96,4100.01,15.21,7205.95,17.42
2024-10-01,South,Clothing,Consumer,423,27018.2,2587.2,15.55,6837.58,25.31
2024-10-01,South,Home & Garden,Corporate,468,23911.17,1779.27,12.64,5060.73,21.16
2024-10-01,South,Sports,Corporate,419,16489.62,673.0,2.55,3607.5,21.88
2024-10-01,South,Books,Consumer,84,6892.07,416.39,15.93,2170.84,31.5
2024-10-01,East,Electronics,Corporate,432,40688.51,2316.93,11.76,5883.87,14.46
2024-10-01,East,Clothing,Consumer,489,26675.53,2378.72,10.9,7685.78,28.81
2024-10-01,East,Home & Garden,Corporate,570,22643.22,958.36,8.59,4849.75,21.42
2024-10-01,East,Sports,Consumer,410,18474.98,1630.65,9.14,4244.54,22.97
2024-10-01,East,Books,Corporate,115,10507.91,443.55,16.62,3172.54,30.19
2024-10-01,West,Electronics,Corporate,647,35843.66,3619.06,16.48,5363.19,14.96
2024-10-01,West,Clothing,Consumer,378,27855.87,1996.21,12.99,9279.2,33.31
2024-10-01,West,Home & Garden,Consumer,230,20113.49,889.51,8.74,4611.11,22.93
2024-10-01,West,Sports,Consumer,260,16877.59,1453.32,9.13,4462.97,26.44
2024-10-01,West,Books,Corporate,178,8382.74,919.95,12.19,2657.59,31.7
2024-11-01,North,Electronics,Consumer,872,68592.97,6912.74,3.66,10599.89,15.45
2024-11-01,North,Clothing,Corporate,857,52569.16,3468.13,13.12,16404.0,31.2
2024-11-01,North,Home & Garden,Small Business,661,39850.71,4106.58,11.81,10127.95,25.41
2024-11-01,North,Sports,Consumer,332,26229.77,1435.98,19.38,5855.92,22.33
2024-11-01,North,Books,Consumer,317,15600.63,820.25,13.3,4825.64,30.93
2024-11-01,South,Electronics,Corporate,1119,63282.86,6388.56,15.86,2972.28,4.7
2024-11-01,South,Clothing,Corporate,742,37451.65,4039.49,6.4,9810.63,26.2
2024-11-01,South,Home & Garden,Consumer,674,33119.31,1628.18,11.77,8247.21,24.9
2024-11-01,South,Sports,Corporate,294,24947.38,1586.41,5.59,4404.4,17.65
2024-11-01,South,Books,Corporate,322,11972.9,1071.27,10.26,3696.66,30.88
2024-11-01,East,Electronics,Consumer,748,62299.64,6173.39,22.38,8956.03,14.38
2024-11-01,East,Clothing,Small Business,650,43444.37,2078.13,11.64,12336.35,28.4
2024-11-01,East,Home & Garden,Consumer,542,35458.18,2203.05,11.6,9314.89,26.27
2024-11-01,East,Sports,Consumer,649,28164.64,2143.1,22.44,4745.37,16.85
2024-11-01,East,Books,Small Business,198,14917.29,807.47,6.8,4637.57,31.09
2024-11-01,West,Electronics,Corporate,689,63202.64,3311.85,16.35,9216.17,14.58
2024-11-01,West,Clothing,Consumer,629,43565.66,4392.44,11.71,13855.19,31.8
2024-11-01,West,Home & Garden,Corporate,759,31436.37,2707.36,20.17,5504.77,17.51
2024-11-01,West,Sports,Small Business,285,23369.47,2359.21,13.64,5783.47,24.75
2024-11-01,West,Books,Corporate,146,12171.14,831.17,17.95,3156.34,25.93
2024-12-01,North,Electronics,Consumer,1620,68367.81,6648.66,18.88,8079.18,11.82
2024-12-01,North,Clothing,Consumer,802,46748.19,3069.13,19.97,10970.57,23.47
2024-12-01,North,Home & Garden,Corporate,884,34809.78,1946.18,5.38,10551.08,30.31
2024-12-01,North,Sports,Consumer,490,32439.77,2350.09,16.91,5823.87,17.95
2024-12-01,North,Books,Corporate,199,13339.18,1075.3,3.77,5071.68,38.02
2024-12-01,South,Electronics,Small Business,1219,60465.0,5458.09,15.79,8528.7,14.11
2024-12-01,South,Clothing,Corporate,719,36243.57,2682.42,10.6,9370.86,25.86
2024-12-01,South,Home & Garden,Consumer,354,27629.46,2147.95,16.59,4782.94,17.31
2024-12-01,South,Sports,Corporate,301,22846.14,1203.54,10.88,4809.81,21.05
2024-12-01,South,Books,Consumer,119,11074.41,525.83,4.04,3888.33,35.11
2024-12-01,East,Electronics,Corporate,892,65090.46,2801.42,18.82,8279.95,12.72
2024-12-01,East,Clothing,Consumer,621,44482.86,4532.56,8.49,12216.9,27.46
2024-12-01,East,Home & Garden,Corporate,586,30161.94,2854.43,8.54,7104.5,23.55
2024-12-01,East,Sports,Consumer,429,30140.55,1407.19,7.82,8466.02,28.09
2024-12-01,East,Books,Corporate,353,14397.25,794.32,14.07,4450.29,30.91
2024-12-01,West,Electronics,Consumer,766,54165.43,4239.46,9.21,6026.89,11.13
2024-12-01,West,Clothing,Consumer,438,34190.7,2392.46,20.2,9453.14,27.65
2024-12-01,West,Home & Garden,Consumer,668,32450.1,1478.41,9.09,6888.59,21.23
2024-12-01,West,Sports,Small Business,284,23554.05,1053.64,8.15,5242.26,22.26
2024-12-01,West,Books,Corporate,187,10283.08,879.83,2.03,3651.81,35.51
2025-01-01,North,Electronics,Consumer,1379,53229.46,3862.56,14.1,8222.06,15.45
2025-01-01,North,Clothing,Consumer,772,31488.71,2780.46,12.85,7527.32,23.9
2025-01-01,North,Home & Garden,Small Business,280,23144.57,2003.02,18.18,4228.26,18.27
2025-01-01,North,Sports,Corporate,296,19611.1,2057.01,18.07,3727.19,19.01
2025-01-01,North,Books,Consumer,121,10214.76,499.91,10.45,3471.79,33.99
2025-01-01,South,Electronics,Small Business,1037,41751.09,2555.96,8.07,4836.98,11.59
2025-01-01,South,Clothing,Small Business,357,22057.16,1495.23,14.54,6353.29,28.8
2025-01-01,South,Home & Garden,Small Business,421,24366.38,1822.3,12.41,5599.54,22.98
2025-01-01,South,Sports,Consumer,319,16976.75,1617.92,13.61,3292.23,19.39
2025-01-01,South,Books,Corporate,106,7808.14,692.17,12.14,2446.32,31.33
2025-01-01,East,Electronics,Consumer,529,42779.38,3526.63,16.09,5648.76,13.2
2025-01-01,East,Clothing,Consumer,700,25577.75,1285.18,8.95,7354.46,28.75
2025-01-01,East,Home & Garden,Consumer,370,22554.96,2427.08,14.65,5142.28,22.8
2025-01-01,East,Sports,Corporate,214,15467.53,733.11,5.95,3714.42,24.01
2025-01-01,East,Books,Small Business,95,9028.56,397.9,19.45,2673.35,29.61
2025-01-01,West,Electronics,Consumer,467,35750.79,2028.59,8.93,5152.65,14.41
2025-01-01,West,Clothing,Consumer,345,24809.05,2405.93,12.02,7751.36,31.24
2025-01-01,West,Home & Garden,Consumer,297,16959.38,1184.2,5.17,4201.86,24.78
2025-01-01,West,Sports,Consumer,461,16428.49,1541.84,15.8,2880.2,17.53
2025-01-01,West,Books,Consumer,93,6241.22,363.16,9.27,2084.24,33.39
2025-02-01,North,Electronics,Consumer,691,46890.1,2235.79,14.9,8027.95,17.12
2025-02-01,North,Clothing,Consumer,390,30901.46,2292.17,9.78,8161.24,26.41
2025-02-01,North,Home & Garden,Corporate,267,21892.62,1579.8,3.93,5213.32,23.81
2025-02-01,North,Sports,Small Business,584,21794.26,1539.38,15.39,3905.4,17.92
2025-02-01,North,Books,Consumer,133,11796.44,1016.32,8.97,4271.94,36.21
2025-02-01,South,Electronics,Corporate,664,43627.58,3328.29,14.3,5094.35,11.68
2025-02-01,South,Clothing,Consumer,703,25099.56,1129.18,12.92,6044.38,24.08
2025-02-01,South,Home & Garden,Consumer,412,18735.75,1765.39,6.77,4980.02,26.58
2025-02-01,South,Sports,Corporate,502,18197.83,1065.54,15.59,4059.88,22.31
2025-02-01,South,Books,Corporate,109,7807.45,521.04,10.39,2430.58,31.13
2025-02-01,East,Electronics,Small Business,477,44428.54,1907.61,22.83,4097.17,9.22
2025-02-01,East,Clothing,Corporate,367,30697.98,2521.28,19.64,8482.1,27.63
2025-02-01,East,Home & Garden,Consumer,450,21797.65,2288.01,7.8,4691.81,21.52
2025-02-01,East,Sports,Corporate,175,15480.92,1283.46,10.89,3080.93,19.9
2025-02-01,East,Books,Corporate,114,9817.7,984.68,9.08,3119.4,31.77
2025-02-01,West,Electronics,Corporate,461,37572.2,2714.13,14.45,5962.02,15.87
2025-02-01,West,Clothing,Corporate,272,24849.12,2706.74,5.52,7838.48,31.54
2025-02-01,West,Home & Garden,Consumer,231,18242.74,1002.36,18.19,3941.6,21.61
2025-02-01,West,Sports,Corporate,233,16049.68,976.28,25.01,3010.52,18.76
2025-02-01,West,Books,Consumer,228,8113.27,756.79,11.31,2266.43,27.93
2025-03-01,North,Electronics,Corporate,1086,51291.72,4924.26,7.75,10609.95,20.69
2025-03-01,North,Clothing,Consumer,526,35874.01,1907.12,17.98,8888.04,24.78
2025-03-01,North,Home & Garden,Consumer,449,25608.28,2741.75,15.24,5061.5,19.77
2025-03-01,North,Sports,Corporate,245,21573.61,2186.82,20.63,3583.52,16.61
2025-03-01,North,Books,Corporate,282,9909.64,878.92,3.2,2919.8,29.46
2025-03-01,South,Electronics,Consumer,645,47444.58,2206.62,9.24,10865.94,22.9
2025-03-01,South,Clothing,Consumer,453,32272.14,2557.44,22.03,9185.63,28.46
2025-03-01,South,Home & Garden,Consumer,614,23641.96,2311.08,7.91,5819.98,24.62
2025-03-01,South,Sports,Consumer,295,19496.87,1856.16,16.78,3030.2,15.54
2025-03-01,South,Books,Corporate,128,9090.94,639.83,11.59,2832.63,31.16
2025-03-01,East,Electronics,Corporate,532,43725.6,3696.23,21.27,4783.32,10.94
2025-03-01,East,Clothing,Consumer,636,29314.87,1960.24,21.42,8853.93,30.2
2025-03-01,East,Home & Garden,Small Business,276,25229.19,1536.73,3.16,6220.14,24.65
2025-03-01,East,Sports,Consumer,285,17807.91,1761.83,14.57,3211.03,18.03
2025-03-01,East,Books,Corporate,129,10183.53,718.75,20.86,2742.93,26.93
2025-03-01,West,Electronics,Consumer,458,42354.98,2095.5,15.83,7171.41,16.93
2025-03-01,West,Clothing,Consumer,542,26997.94,1574.5,10.98,7566.46,28.03
2025-03-01,West,Home & Garden,Consumer,566,22012.46,2050.63,19.46,4479.01,20.35
2025-03-01,West,Sports,Small Business,158,14102.84,907.01,16.42,2718.31,19.27
2025-03-01,West,Books,Small Business,116,9109.07,397.68,4.19,2929.17,32.16
2025-04-01,North,Electronics,Corporate,805,55478.56,2988.45,5.73,9809.01,17.68
2025-04-01,North,Clothing,Corporate,403,34676.84,2235.46,8.33,9387.41,27.07
2025-04-01,North,Home & Garden,Consumer,320,25103.49,2515.62,12.31,5983.87,23.84
2025-04-01,North,Sports,Small Business,483,21699.58,992.12,6.64,2873.93,13.24
2025-04-01,North,Books,Consumer,194,11568.39,837.1,16.52,3690.5,31.9
2025-04-01,South,Electronics,Corporate,1317,50184.93,3807.79,11.09,9434.25,18.8
2025-04-01,South,Clothing,Consumer,497,27243.42,1403.84,8.0,8163.98,29.97
2025-04-01,South,Home & Garden,Corporate,271,25505.78,2587.51,10.54,4883.88,19.15
2025-04-01,South,Sports,Corporate,305,19772.74,1536.52,11.61,4233.94,21.41
2025-04-01,South,Books,Corporate,166,8678.64,578.25,12.57,2335.88,26.92
2025-04-01,East,Electronics,Consumer,932,54765.71,5249.51,17.4,7110.5,12.98
2025-04-01,East,Clothing,Small Business,392,33918.18,3008.98,8.78,11008.22,32.46
2025-04-01,East,Home & Garden,Consumer,274,24279.84,1284.3,9.98,5132.78,21.14
2025-04-01,East,Sports,Consumer,227,21103.72,1753.1,12.12,5191.59,24.6
2025-04-01,East,Books,Corporate,154,9338.58,950.06,14.14,3204.97,34.32
2025-04-01,West,Electronics,Small Business,1066,49281.31,5042.37,12.97,6430.68,13.05
2025-04-01,West,Clothing,Consumer,512,27582.79,2474.64,18.59,8378.26,30.37
2025-04-01,West,Home & Garden,Consumer,384,21182.02,1377.8,18.48,4529.97,21.39
2025-04-01,West,Sports,Consumer,378,18672.6,878.45,14.73,3436.62,18.4
2025-04-01,West,Books,Corporate,144,8102.46,748.81,18.09,2766.03,34.14
2025-05-01,North,Electronics,Corporate,1265,53848.81,4544.3,11.88,5869.08,10.9
2025-05-01,North,Clothing,Corporate,783,38080.22,1708.85,13.42,10357.19,27.2
2025-05-01,North,Home & Garden,Consumer,444,29228.59,2589.38,5.27,6552.46,22.42
2025-05-01,North,Sports,Corporate,242,21143.87,1295.62,14.57,4264.27,20.17
2025-05-01,North,Books,Consumer,131,11745.59,683.83,17.55,3729.6,31.75
2025-05-01,South,Electronics,Consumer,732,49641.58,3539.14,17.54,6144.75,12.38
2025-05-01,South,Clothing,Consumer,305,27497.69,2524.1,11.55,8431.93,30.66
2025-05-01,South,Home & Garden,Small Business,604,21785.62,2260.34,15.69,5258.59,24.14
2025-05-01,South,Sports,Consumer,329,17085.95,1675.41,17.43,3395.47,19.87
2025-05-01,South,Books,Corporate,200,10591.9,603.02,11.9,3232.61,30.52
2025-05-01,East,Electronics,Small Business,1151,43613.22,4013.44,6.66,8222.24,18.85
2025-05-01,East,Clothing,Consumer,437,36097.23,1912.18,11.48,10125.35,28.05
2025-05-01,East,Home & Garden,Consumer,296,25087.81,1115.28,17.81,4735.36,18.88
2025-05-01,East,Sports,Corporate,237,20801.25,2156.55,16.88,4251.88,20.44
2025-05-01,East,Books,Small Business,131,7998.86,497.42,15.39,2552.98,31.92
2025-05-01,West,Electronics,Corporate,643,45310.26,3218.69,20.06,7216.26,15.93
2025-05-01,West,Clothing,Small Business,471,27380.24,1294.97,3.99,10217.15,37.32
2025-05-01,West,Home & Garden,Consumer,289,21083.11,1729.78,12.22,5991.77,28.42
2025-05-01,West,Sports,Small Business,436,16456.78,1202.57,5.4,3471.08,21.09
2025-05-01,West,Books,Consumer,115,8263.42,522.2,4.97,2748.43,33.26
2025-06-01,North,Electronics,Corporate,1481,52508.03,2120.56,4.71,8222.08,15.66
2025-06-01,North,Clothing,Consumer,360,32683.44,2616.09,2.62,10314.19,31.56
2025-06-01,North,Home & Garden,Consumer,499,27790.03,1333.05,8.24,7713.39,27.76
2025-06-01,North,Sports,Consumer,371,22394.12,1996.62,8.46,3789.41,16.92
2025-06-01,North,Books,Consumer,213,11416.88,942.5,14.54,3332.33,29.19
2025-06-01,South,Electronics,Consumer,1041,43598.05,1925.58,20.06,6396.79,14.67
2025-06-01,South,Clothing,Consumer,395,23782.61,1152.78,8.4,6917.16,29.08
2025-06-01,South,Home & Garden,Consumer,300,22710.78,1472.43,12.84,5557.97,24.47
2025-06-01,South,Sports,Corporate,204,18322.34,1548.73,12.09,4256.49,23.23
2025-06-01,South,Books,Consumer,265,9446.1,457.56,6.28,3158.9,33.44
2025-06-01,East,Electronics,Consumer,1253,47138.24,3790.1,2.59,8344.57,17.7
2025-06-01,East,Clothing,Consumer,381,29141.54,2653.11,16.85,8225.9,28.23
2025-06-01,East,Home & Garden,Corporate,274,22565.69,1386.48,16.6,5911.91,26.2
2025-06-01,East,Sports,Corporate,370,20003.68,2000.96,11.33,4607.63,23.03
2025-06-01,East,Books,Consumer,148,11270.97,1007.52,3.69,3451.26,30.62
2025-06-01,West,Electronics,Consumer,892,39482.31,1973.39,10.46,6791.37,17.2
2025-06-01,West,Clothing,Corporate,765,30068.91,1919.67,18.98,6391.5,21.26
2025-06-01,West,Home & Garden,Consumer,212,20005.38,1648.53,5.83,4696.09,23.47
2025-06-01,West,Sports,Consumer,446,16362.81,1210.71,14.12,3502.09,21.4
2025-06-01,West,Books,Consumer,196,8752.49,373.99,11.56,2662.73,30.42
2025-07-01,North,Electronics,Corporate,488,43421.41,2616.02,19.99,6119.33,14.09
2025-07-01,North,Clothing,Consumer,495,28770.19,2815.72,11.46,8603.47,29.9
2025-07-01,North,Home & Garden,Consumer,311,21007.05,1654.51,12.71,5272.71,25.1
2025-07-01,North,Sports,Consumer,514,19763.99,1208.83,8.06,3897.29,19.72
2025-07-01,North,Books,Consumer,184,7996.83,644.81,15.74,2918.87,36.5
2025-07-01,South,Electronics,Consumer,470,33934.17,2311.75,17.5,6319.76,18.62
2025-07-01,South,Clothing,Consumer,348,23509.81,1722.99,11.47,6893.11,29.32
2025-07-01,South,Home & Garden,Corporate,468,19904.06,2008.28,13.54,4331.72,21.76
2025-07-01,South,Sports,Consumer,375,16478.38,1748.08,10.15,3639.37,22.09
2025-07-01,South,Books,Consumer,150,7830.53,786.56,3.13,2963.49,37.85
2025-07-01,East,Electronics,Small Business,597,38554.63,2922.03,18.87,5978.48,15.51
2025-07-01,East,Clothing,Small Business,396,27471.2,1882.63,14.61,8118.83,29.55
2025-07-01,East,Home & Garden,Corporate,340,20871.02,2082.46,11.24,5302.82,25.41
2025-07-01,East,Sports,Corporate,174,13268.89,1391.2,11.91,2555.92,19.26
2025-07-01,East,Books,Consumer,144,8138.72,496.12,14.04,2352.84,28.91
2025-07-01,West,Electronics,Consumer,704,37094.43,3969.9,16.77,5382.24,14.51
2025-07-01,West,Clothing,Corporate,562,24475.53,2247.67,14.58,7349.26,30.03
2025-07-01,West,Home & Garden,Consumer,478,19273.22,1804.52,13.76,5027.09,26.08
2025-07-01,West,Sports,Corporate,377,14677.59,1005.38,8.28,2809.31,19.14
2025-07-01,West,Books,Consumer,183,7252.6,771.23,2.53,2529.73,34.88
2025-08-01,North,Electronics,Consumer,1185,46677.84,2031.22,16.69,3814.03,8.17
2025-08-01,North,Clothing,Consumer,511,27755.93,1656.21,16.15,7375.95,26.57
2025-08-01,North,Home & Garden,Consumer,343,24406.03,2648.75,5.8,7160.94,29.34
2025-08-01,North,Sports,Corporate,243,17012.92,1738.82,0.0,4176.94,24.55
2025-08-01,North,Books,Corporate,124,9660.66,550.03,9.54,3242.75,33.57
2025-08-01,South,Electronics,Consumer,743,38109.36,2912.01,13.96,4681.54,12.28
2025-08-01,South,Clothing,Consumer,603,23061.68,1938.77,9.95,6122.11,26.55
2025-08-01,South,Home & Garden,Consumer,245,20906.87,1584.3,10.36,5092.37,24.36
2025-08-01,South,Sports,Corporate,407,16733.98,1039.83,7.66,2955.74,17.66
2025-08-01,South,Books,Small Business,120,7334.48,454.26,13.31,2316.74,31.59
2025-08-01,East,Electronics,Corporate,548,41748.4,1930.87,11.48,3021.91,7.24
2025-08-01,East,Clothing,Corporate,287,26699.27,2383.44,16.83,8186.08,30.66
2025-08-01,East,Home & Garden,Consumer,517,21356.2,1299.82,12.99,5328.66,24.95
2025-08-01,East,Sports,Consumer,312,19021.21,1240.25,12.0,4223.25,22.2
2025-08-01,East,Books,Corporate,217,8293.02,546.4,5.9,2643.1,31.87
2025-08-01,West,Electronics,Small Business,612,38732.5,3854.83,15.11,3892.69,10.05
2025-08-01,West,Clothing,Corporate,462,24374.45,2011.93,6.64,7589.48,31.14
2025-08-01,West,Home & Garden,Consumer,217,16864.72,1047.2,6.05,5078.33,30.11
2025-08-01,West,Sports,Consumer,376,14480.63,952.03,15.02,2840.81,19.62
2025-08-01,West,Books,Consumer,106,6839.63,673.59,10.86,1967.07,28.76
2025-09-01,North,Electronics,Corporate,990,62232.13,2532.52,15.92,8270.96,13.29
2025-09-01,North,Clothing,Small Business,548,36298.13,2244.33,15.58,10701.23,29.48
2025-09-01,North,Home & Garden,Consumer,565,28794.82,1394.09,14.96,6570.36,22.82
2025-09-01,North,Sports,Consumer,293,25126.39,1658.89,12.82,5102.04,20.31
2025-09-01,North,Books,Consumer,181,11333.01,1072.4,13.22,2972.8,26.23
2025-09-01,South,Electronics,Consumer,504,40235.87,2252.26,11.48,3872.83,9.63
2025-09-01,South,Clothing,Consumer,728,28776.0,3090.36,13.15,6984.93,24.27
2025-09-01,South,Home & Garden,Consumer,308,21459.0,1069.86,18.41,4967.89,23.15
2025-09-01,South,Sports,Small Business,255,19204.09,1289.97,17.7,3122.05,16.26
2025-09-01,South,Books,Consumer,107,8305.0,501.08,16.94,2465.85,29.69
2025-09-01,East,Electronics,Consumer,481,44445.91,2195.59,22.45,2863.52,6.44
2025-09-01,East,Clothing,Consumer,386,32221.27,2821.73,11.05,8897.17,27.61
2025-09-01,East,Home & Garden,Consumer,457,20533.48,884.44,19.67,3455.37,16.83
2025-09-01,East,Sports,Consumer,216,19976.57,1978.79,9.85,4556.56,22.81
2025-09-01,East,Books,Small Business,126,8901.16,628.33,14.31,2783.92,31.28
2025-09-01,West,Electronics,Consumer,481,38662.02,2060.98,14.13,5342.55,13.82
2025-09-01,West,Clothing,Corporate,424,31144.57,1785.01,11.05,8040.61,25.82
2025-09-01,West,Home & Garden,Consumer,624,22192.15,2086.37,10.43,5296.7,23.87
2025-09-01,West,Sports,Consumer,183,15745.83,984.38,15.02,2847.33,18.08
2025-09-01,West,Books,Consumer,212,8934.07,375.61,22.5,2457.7,27.51
2025-10-01,North,Electronics,Consumer,1466,55269.6,6053.56,11.09,7032.35,12.72
2025-10-01,North,Clothing,Consumer,467,38451.97,3568.29,2.67,13159.17,34.22
2025-10-01,North,Home & Garden,Consumer,466,23017.51,1978.68,16.46,5087.77,22.1
2025-10-01,North,Sports,Corporate,224,20649.9,882.27,9.96,4763.83,23.07
2025-10-01,North,Books,Small Business,161,12945.41,986.04,4.18,4019.55,31.05
2025-10-01,South,Electronics,Consumer,471,38505.93,4091.33,11.05,6718.76,17.45
2025-10-01,South,Clothing,Consumer,550,25392.85,2066.45,11.94,7891.79,31.08
2025-10-01,South,Home & Garden,Corporate,261,21812.21,981.14,0.0,6019.48,27.6
2025-10-01,South,Sports,Consumer,273,20293.79,1907.18,6.64,3383.14,16.67
2025-10-01,South,Books,Consumer,271,9470.13,403.71,13.74,2785.81,29.42
2025-10-01,East,Electronics,Consumer,928,45053.39,4870.97,12.17,4995.08,11.09
2025-10-01,East,Clothing,Corporate,365,28993.83,1162.74,15.4,6939.55,23.93
2025-10-01,East,Home & Garden,Consumer,277,21503.57,1349.79,8.61,4950.79,23.02
2025-10-01,East,Sports,Corporate,300,21166.53,2183.03,9.01,5410.88,25.56
2025-10-01,East,Books,Small Business,228,10275.66,921.24,7.96,3480.12,33.87
2025-10-01,West,Electronics,Corporate,860,45401.51,1950.88,15.25,4047.58,8.92
2025-10-01,West,Clothing,Corporate,403,26379.99,2004.08,13.25,7873.07,29.84
2025-10-01,West,Home & Garden,Corporate,233,21070.6,1871.17,10.4,6166.66,29.27
2025-10-01,West,Sports,Consumer,221,18428.08,1090.67,14.11,3334.14,18.09
2025-10-01,West,Books,Corporate,101,7978.07,865.59,14.2,2638.95,33.08
2025-11-01,North,Electronics,Consumer,1688,75603.94,5037.96,15.34,11706.14,15.48
2025-11-01,North,Clothing,Corporate,697,53850.49,2248.99,4.41,15942.83,29.61
2025-11-01,North,Home & Garden,Consumer,631,41206.7,1797.3,12.25,10475.5,25.42
2025-11-01,North,Sports,Small Business,781,33507.91,3216.77,1.23,9020.82,26.92
2025-11-01,North,Books,Consumer,179,15587.22,939.96,7.69,5591.75,35.87
2025-11-01,South,Electronics,Consumer,734,65567.61,5490.71,18.06,8763.66,13.37
2025-11-01,South,Clothing,Corporate,774,40425.0,3170.13,12.72,10145.38,25.1
2025-11-01,South,Home & Garden,Corporate,746,29187.63,1850.01,8.85,8448.38,28.95
2025-11-01,South,Sports,Small Business,466,25630.76,2255.02,3.46,5765.21,22.49
2025-11-01,South,Books,Consumer,273,12802.01,1087.16,17.59,4361.57,34.07
2025-11-01,East,Electronics,Consumer,1295,66776.27,3969.83,13.3,10043.78,15.04
2025-11-01,East,Clothing,Corporate,579,45861.2,3499.63,10.85,11911.48,25.97
2025-11-01,East,Home & Garden,Consumer,606,30831.79,2091.41,7.35,7567.34,24.54
2025-11-01,East,Sports,Consumer,367,26164.94,1573.1,13.04,5310.73,20.3
2025-11-01,East,Books,Consumer,195,14151.49,1159.48,10.64,3949.5,27.91
2025-11-01,West,Electronics,Corporate,816,63124.07,6789.06,16.06,6147.09,9.74
2025-11-01,West,Clothing,Consumer,413,35919.26,2939.52,7.41,11289.67,31.43
2025-11-01,West,Home & Garden,Consumer,535,31851.65,2584.16,17.24,8070.5,25.34
2025-11-01,West,Sports,Consumer,241,22261.76,1592.11,14.57,5120.58,23.0
2025-11-01,West,Books,Corporate,304,12345.59,1074.96,11.88,3816.3,30.91
2025-12-01,North,Electronics,Corporate,1226,74842.26,4349.07,16.13,13778.22,18.41
2025-12-01,North,Clothing,Small Business,1193,55998.01,3188.61,9.49,16768.56,29.94
2025-12-01,North,Home & Garden,Corporate,745,37135.59,2189.38,8.55,8999.54,24.23
2025-12-01,North,Sports,Corporate,332,30560.02,2520.32,9.1,6719.63,21.99
2025-12-01,North,Books,Corporate,249,16856.02,1774.77,14.36,5417.31,32.14
2025-12-01,South,Electronics,Small Business,983,56296.73,5159.83,8.18,8815.36,15.66
2025-12-01,South,Clothing,Corporate,792,45231.24,2660.49,23.82,11654.12,25.77
2025-12-01,South,Home & Garden,Consumer,448,34618.7,2485.77,5.31,9515.53,27.49
2025-12-01,South,Sports,Consumer,799,31047.14,3276.7,8.17,6178.79,19.9
2025-12-01,South,Books,Consumer,373,14310.04,594.35,12.13,3663.79,25.6
2025-12-01,East,Electronics,Consumer,1311,66336.17,5695.77,19.22,7560.77,11.4
2025-12-01,East,Clothing,Corporate,537,45009.98,2385.32,15.95,12708.39,28.23
2025-12-01,East,Home & Garden,Consumer,704,35215.8,2172.34,8.94,11679.55,33.17
2025-12-01,East,Sports,Small Business,609,32544.54,2107.76,14.41,6938.17,21.32
2025-12-01,East,Books,Corporate,224,14650.18,949.47,13.64,4427.1,30.22
2025-12-01,West,Electronics,Corporate,730,55162.89,4149.31,13.84,7120.53,12.91
2025-12-01,West,Clothing,Consumer,569,40789.46,2885.64,15.03,11792.49,28.91
2025-12-01,West,Home & Garden,Consumer,639,28708.87,2542.93,9.91,6643.46,23.14
2025-12-01,West,Sports,Consumer,612,27349.66,2079.81,16.59,4620.34,16.89
2025-12-01,West,Books,Consumer,229,11407.51,633.86,24.13,3314.89,29.06
